{"cameraMode":{"drawMode":0,"name":"Shaded","section":"Shading Mode"},"sceneLighting":true,"audioPlay":false,"sceneViewState":{"showFog":true,"showMaterialUpdate":false,"showSkybox":true,"showFlares":true,"showImageEffects":true,"showParticleSystems":true},"in2DMode":false,"pivot":{"x":40.85661315917969,"y":-199.44842529296876,"z":-92.06784057617188},"rotation":{"x":-0.029534999281167985,"y":0.8231950402259827,"z":-0.5653670430183411,"w":-0.04301057755947113},"size":353.18255615234377,"orthographic":false}